{"cameraMode":{"drawMode":0,"name":"Shaded","section":"Shading Mode"},"sceneLighting":false,"audioPlay":false,"sceneViewState":{"showFog":true,"showMaterialUpdate":false,"showSkybox":false,"showFlares":true,"showImageEffects":true,"showParticleSystems":true},"in2DMode":false,"pivot":{"x":0.4983985424041748,"y":24.994823455810548,"z":-0.21763530373573304},"rotation":{"x":-0.001538904383778572,"y":0.5287342071533203,"z":-0.0009509893134236336,"w":-0.848811149597168},"size":0.4286840260028839,"orthographic":false}